<?xml version="1.0" encoding="utf-8"?>
<doc>
<assembly><name>Interceptor</name></assembly>
<members>
<member name="">

</member>
<member name="T:FirstLine.Omniture">

</member>
<member name="">

</member>
<member name="">

</member>
<member name="">

</member>
<member name="">

</member>
<member name="">

</member>
<member name="">

</member>
<member name="T:FirstLine.Request">

</member>
<member name="">

</member>
<member name="T:FirstLine.Scenario">

</member>
<member name="">

</member>
<member name="">

</member>
<member name="T:FirstLine.interceptor">

</member>
</members>
</doc>
