<?xml version="1.0" encoding="utf-8"?>
<doc>
<assembly><name>Interceptor</name></assembly>
<members>
<member name="">

</member>
<member name="M:FirstLine.interceptor.matchResults(Microsoft.FSharp.Collections.FSharpList{System.Tuple{System.String,System.String}},Microsoft.FSharp.Collections.FSharpList{System.String})">
<summary>
 Recieves pairs links and returns a triade comprising
 a bool value showing if the pair has matching sets of requests
 then if unmatched the two faulty addresses with empty strings in place of non-faulty ones and a string of 
 juxtaposed differing params of requests sent from those addresses in a readable form
</summary>
<param name="addressPairs">List of coupled web addresses the requests were supposed to be caught from</param>
<param name="requests">List of all caught requests</param>
</member>
<member name="M:FirstLine.interceptor.appendRequestPairParamsText(System.String,System.String,System.String)">
<summary>
 Appends accumulated text with juxtaposed params for a pair of requests
 Only adds params values of which differ in the two requests
</summary>
<param name="acc">String accumulator</param>
<param name="cur">request from current env</param>
<param name="cur">request from proposed env</param>
</member>
<member name="M:FirstLine.interceptor.appendParamDiffText(System.String,System.String,System.String,System.String)">
<summary>
 Appends accumulated text with info about differing param values.
 If values equal appends nothing
</summary>
<param name="acc">String accumulator</param>
<param name="param">param name</param>
<param name="cur">value in current env</param>
<param name="pro">value in proposed env</param>
</member>
<member name="M:FirstLine.interceptor.addressPairs(Microsoft.FSharp.Collections.FSharpList{System.String},System.String,System.String)">
<summary>
 Returns pairs of links for representing given rel paths in 2 environments
</summary>
<param name="relAddresses">List of relative page paths</param>
<param name="currentAddress">base url of the current environment</param>
<param name="candidateAddress">base url of the candidate environment</param>
</member>
<member name="M:FirstLine.interceptor.getRequestToUrlParams(System.String)">
<summary>
 Retrieves params from request
</summary>
<param name="req">String request</param>
</member>
<member name="M:FirstLine.interceptor.juxtapose(System.Collections.Specialized.NameValueCollection,System.Collections.Specialized.NameValueCollection)">
<summary>
 Merges keys from 2 collections and for each one returns a triade
 made up of the key itself and its representations in the 2 collections
</summary>
<param name="params1">Collection 1</param>
<param name="params2">Collection 2</param>
</member>
<member name="M:FirstLine.interceptor.findRequestsWithAddress(Microsoft.FSharp.Collections.FSharpList{System.String},System.String)">
<summary>
 Finds requests sent from the following address and returns them in their original order
</summary>
<param name="stream">All requests</param>
<param name="adr">Address</param>
</member>
<member name="">

</member>
<member name="T:FirstLine.interceptor">

</member>
</members>
</doc>
